date;GDP;Cons;Inv;Lab;Hours;Infl;Wage;FFR;CB_Bonds;CB_Loans;CBL;CB_Bonds_10Y;BAASpread;GZSpread;ACMTP10;R10obs
1-apr-73;0.825017772;0.506560656;1.615788418;1.931038102;-0.0004368;1.52445075;-0.144360872;1.954166667;0;0;0;0;0.321666667;0.257875;0.162360113;1.735
1-jul-73;-0.784797331;0.437107805;-3.283636323;2.120647541;3.64073E-05;1.929859922;-0.212673324;2.64;0;0;0;0;0.315;0.220658333;0.286017787;1.725
01-Oct-1973;0.434374766;-0.097856696;0.987796761;2.482912286;-0.002925911;1.970951092;0.033097397;2.499166667;0;0;0;0;0.420833333;0.314466667;0.23281897;1.725
1-jan-74;-1.376895975;0.205308781;-5.880728897;2.065431361;-0.007219123;1.871943655;0.38220356;2.330833333;0;0;0;0;0.3725;0.293283333;0.229195584;1.8525
1-apr-74;-0.268552307;0.326596482;0.388665193;1.42842042;-0.002900461;2.333564678;0.253442389;2.8125;0;0;0;0;0.38;0.343941667;0.269338591;1.91
1-jul-74;-1.454952254;-0.509469155;-3.552902417;1.113820705;-0.002881154;2.889399508;0.034388601;3.0225;0;0;0;0;0.461666667;0.543791667;0.378077011;1.985
01-Oct-1974;-0.887993514;-1.087388362;-3.122001236;-0.77578085;-0.006745842;2.899579806;-0.177099496;2.336666667;0;0;0;0;0.725;0.591625;0.323653803;1.85
1-jan-75;-1.713368089;-0.186785868;-10.99982339;-3.530836905;-0.008283208;2.246193271;0.749194124;1.575833333;0;0;0;0;0.776666667;0.420666667;0.481104011;2.0025
1-apr-75;0.204887953;0.729365287;-0.948420451;-4.066885818;-0.00126816;1.475551128;0.637683613;1.355;0;0;0;0;0.645;0.363958333;0.459445452;1.99
1-jul-75;1.194088185;0.394527868;5.825223734;-3.170064869;0.001878182;1.750371617;-0.006254746;1.54;0;0;0;0;0.571666667;0.346025;0.480939074;2.12
01-Oct-1975;0.835637291;0.29971918;2.032859536;-2.977064705;0.005240219;1.658161312;-0.041732046;1.353333333;0;0;0;0;0.629166667;0.309466667;0.561677506;1.94
1-jan-76;1.72460567;0.990711637;6.997067617;-1.832557943;0.003344968;1.053702552;0.846809575;1.206666667;0;0;0;0;0.625833333;0.248608333;0.541866716;1.915
1-apr-76;0.257798422;0.306935826;2.763214057;-1.649288426;-0.006972767;1.001086692;0.863978596;1.299166667;0;0;0;0;0.530833333;0.249941667;0.532097508;1.965
1-jul-76;0.082127774;0.842786628;0.273010036;-1.561153744;-0.001837615;1.285659257;0.791651318;1.320833333;0;0;0;0;0.4725;0.220441667;0.594618762;1.8875
01-Oct-1976;0.270941624;0.568637322;0.722140631;-2.021502801;-0.002151296;1.773840738;0.336520136;1.218333333;0;0;0;0;0.505833333;0.2325;0.539785041;1.7025
1-jan-77;0.715251361;0.59232171;3.839273592;-1.788112855;-0.00133632;1.59934383;0.275446903;1.165;0;0;0;0;0.438333333;0.230066667;0.595882278;1.855
1-apr-77;1.467325678;0.269732411;4.320073056;-0.352952164;0.001740628;1.399473382;0.609958257;1.289166667;0;0;0;0;0.406666667;0.203275;0.567797747;1.8
1-jul-77;1.327391032;0.752222044;3.249919069;-0.371452048;-0.002183325;1.210537944;0.716690966;1.455;0;0;0;0;0.368333333;0.225358333;0.44842608;1.8525
01-Oct-1977;-0.455200865;0.220740055;-0.178992343;0.586396016;-0.001499088;2.136298223;-0.42227913;1.628333333;0;0;0;0;0.336666667;0.219133333;0.4942504;1.945
1-jan-78;-0.130053435;0.898146972;-0.310992732;0.175635643;-0.007320212;1.444287851;1.174986088;1.689166667;0;0;0;0;0.296666667;0.181033333;0.49546598;2.0375
1-apr-78;3.352164912;1.006859798;5.832020244;1.82932842;0.009148987;1.892890787;-0.192980267;1.820833333;0;0;0;0;0.2875;0.175341667;0.492665824;2.155
1-jul-78;0.554195634;0.374008764;1.068408507;1.874376053;-0.001621219;1.683202519;0.207313149;2.025;0;0;0;0;0.2525;0.153441667;0.401681426;2.14
01-Oct-1978;0.882933748;0.225866053;1.518187883;2.271722679;-0.001179863;2.028255552;0.426703938;2.395833333;0;0;0;0;0.241666667;0.153158333;0.352701701;2.2875
1-jan-79;-0.267031524;0.473271893;-0.765441846;2.601878175;-0.004543655;1.803985273;0.737935051;2.518333333;0;0;0;0;0.2625;0.164916667;0.404641581;2.2775
1-apr-79;-0.342041382;0.298476752;-1.232773079;1.712714696;-0.005689672;2.42004693;-0.148437791;2.545;0;0;0;0;0.32;0.170708333;0.400335333;2.2025
1-jul-79;0.277803794;0.722817056;-0.661854843;2.211829747;0.003115252;2.164252042;0.02903896;2.736666667;0;0;0;0;0.3225;0.158116667;0.371078153;2.36
01-Oct-1979;-0.204085147;0.913392068;-2.239163019;2.357340758;-0.00038055;1.838528477;0.66936602;3.394166667;0;0;0;0;0.3425;0.195275;0.527890615;2.5825
1-jan-80;-0.132179872;0.534570912;-1.28996715;1.4785778;-0.005409931;2.077758834;0.697804542;3.761666667;0;0;0;0;0.373333333;0.223183333;0.61053622;3.16
1-apr-80;-2.519643451;-1.268324809;-10.08742529;-0.629211962;-0.008358281;2.35196677;0.330257724;3.171666667;0;0;0;0;0.72;0.25315;0.812121756;2.5225
1-jul-80;-0.511265259;0.406855811;-4.08960482;-1.268328626;-0.001844369;2.208975078;0.310031517;2.459166667;0;0;0;0;0.553333333;0.230016667;0.827281908;2.965
01-Oct-1980;1.47227955;0.705720964;5.979279398;-0.374363164;0.004801768;2.572868247;0.048481373;3.963333333;0;0;0;0;0.561666667;0.2471;0.64670168;3.1075
1-jan-81;1.58092587;-0.234620573;6.449972976;0.10249912;0.001144005;2.599538202;-0.1132461;4.1425;0;0;0;0;0.571666667;0.238483333;0.997247759;3.2825
1-apr-81;-1.082575499;-0.078977695;-4.003850187;0.226795412;-0.004024228;1.961861789;-0.249820783;4.445;0;0;0;0;0.505;0.2879;0.828927467;3.465
1-jul-81;0.851837078;-0.451657636;3.887303194;-0.806687282;-0.00410829;1.864206316;0.357481898;4.394166667;0;0;0;0;0.4075;0.276208333;1.106370136;3.96
01-Oct-1981;-1.421967132;-0.215348532;-4.726337481;-1.916518242;0.000629421;1.714448953;-0.071128002;3.396666667;0;0;0;0;0.649166667;0.354741667;1.111422501;3.495
1-jan-82;-1.884468325;0.034137276;-6.994195396;-3.46493506;-0.009424535;1.366478295;1.249982376;3.556666667;0;0;0;0;0.685;0.381541667;0.909337547;3.545
1-apr-82;0.147801402;-0.322753896;-0.632131889;-3.448178294;0.006817124;1.290712956;-0.515515275;3.628333333;0;0;0;0;0.7125;0.393791667;0.959141528;3.61
1-jul-82;-0.680792762;0.673731671;-1.441853284;-4.045160836;-8.73545E-05;1.407671739;0.152518705;2.751666667;0;0;0;0;0.783333333;0.417591667;1.004243133;2.9325
01-Oct-1982;-0.251120229;1.245477305;-5.122028069;-5.146903118;-0.000990551;1.03090589;0.438880934;2.321666667;0;0;0;0;0.930833333;0.409316667;0.867232391;2.59
1-jan-83;1.028121607;0.782840751;1.497026176;-5.210994404;0.003675637;0.752871625;0.248023402;2.163333333;0;0;0;0;0.8175;0.297216667;0.879606544;2.655
1-apr-83;1.973195678;1.26301557;6.920151342;-4.203922986;0.002291638;0.739367594;0.213105601;2.200833333;0;0;0;0;0.676666667;0.218791667;0.895168007;2.74
1-jul-83;1.704668312;1.566152198;4.193868129;-2.633699511;0.007265551;1.057982871;-0.52912341;2.365;0;0;0;0;0.475;0.213491667;0.990825921;2.86
01-Oct-1983;1.753600361;0.687396687;7.282283526;-1.4170047;0.000565554;0.755262737;0.381579275;2.3575;0;0;0;0;0.48;0.222275;1.027902044;2.955
1-jan-84;1.627076909;0.303959728;6.512382422;-0.588441328;0.003386623;1.006522936;0.12618229;2.421666667;0;0;0;0;0.45;0.223875;1.070985152;3.1325
1-apr-84;1.407338249;1.110580104;2.159479736;0.329782208;0.001488777;0.852302262;0.193627468;2.639166667;0;0;0;0;0.375;0.20185;1.225088613;3.46
1-jul-84;0.650261268;0.517065079;0.579040025;0.136812802;-0.003773968;0.88462697;0.572774136;2.8475;0;0;0;0;0.460833333;0.225108333;0.935720769;3.1175
01-Oct-1984;0.554923113;0.660083657;-0.613711259;0.236085867;-0.001149348;0.746202161;0.054070731;2.316666667;0;0;0;0;0.465833333;0.231441667;1.091887462;2.8875
1-jan-85;0.707889299;1.442754128;-1.892754796;0.228660514;0.000450319;0.983270159;0.287845389;2.119166667;0;0;0;0;0.4525;0.247091667;1.079651198;2.9125
1-apr-85;0.620728238;0.873307946;0.986957653;0.232829845;0.001091421;0.64160695;0.30873364;1.980833333;0;0;0;0;0.551666667;0.285866667;0.987428923;2.5625
1-jul-85;1.261866978;1.253157933;0.659545572;0.061386953;-0.001992261;0.600987572;0.870940299;1.975;0;0;0;0;0.533333333;0.291675;1.018313548;2.5775
01-Oct-1985;0.418214276;0.716875768;1.125697804;0.612415601;-0.001602434;0.557439415;1.315802706;2.025833333;0;0;0;0;0.554166667;0.334158333;0.817305912;2.25
1-jan-86;0.597417816;0.677856465;0.117596035;0.937290389;-0.002422915;0.496521751;0.927325164;1.956666667;0;0;0;0;0.615;0.4229;0.461817935;1.8475
1-apr-86;0.111322188;-0.217935401;-0.124358836;0.456663306;-0.00585068;0.37888401;0.765816543;1.73;0;0;0;0;0.6675;0.465766667;0.540269084;1.8375
1-jul-86;0.617778544;0.368401786;0.749127712;0.817898283;-0.002811987;0.407947443;0.840584727;1.551666667;0;0;0;0;0.718333333;0.536908333;0.716884557;1.8625
01-Oct-1986;0.233880396;0.767847423;-0.714733435;0.990662723;0.00123243;0.543732336;0.794611333;1.566666667;0;0;0;0;0.7075;0.510658333;0.642843725;1.8075
1-jan-87;0.438921267;1.164404511;-0.431774032;1.715017221;0.005377709;0.633003536;-0.193332581;1.555;0;0;0;0;0.616666667;0.483725;0.636159986;1.8775
1-apr-87;0.773073642;0.910383516;0.852970017;2.171948405;-0.001612211;0.690650736;0.054361154;1.6625;0;0;0;0;0.503333333;0.437025;0.717973868;2.095
1-jul-87;0.575988279;0.574220142;0.716947566;2.51389191;-0.000512204;0.754072036;0.265013707;1.710833333;0;0;0;0;0.5075;0.403158333;0.871130415;2.4075
01-Oct-1987;1.433640317;0.585079437;3.28672308;2.828368002;0.001999006;0.793503041;0.375189653;1.729166667;0;0;0;0;0.564166667;0.420991667;0.835247403;2.2075
1-jan-88;0.262846597;1.180332032;-2.287319765;2.687857905;-0.0059217;0.780377227;0.940306927;1.665833333;0;0;0;0;0.584166667;0.417733333;0.855256633;2.1425
1-apr-88;1.056851671;0.827200027;0.847138857;2.903068329;0.002558761;0.968688047;0.228052975;1.789166667;0;0;0;0;0.5175;0.374975;0.794439386;2.205
1-jul-88;0.341473918;1.128068817;-1.103303828;2.99848727;-0.001821476;1.188555235;0.045134096;1.995833333;0;0;0;0;0.493333333;0.366;0.685675616;2.2175
01-Oct-1988;1.078955386;0.841132395;1.448543448;3.565452999;0.00389083;0.861380846;-0.114115977;2.1175;0;0;0;0;0.389166667;0.407025;0.55572555;2.285
1-jan-89;0.771212433;0.583282253;1.647681672;3.990677775;0.001717981;1.03584864;-0.750449809;2.360833333;0;0;0;0;0.359166667;0.4064;0.45133595;2.325
1-apr-89;0.523045747;0.574278828;-1.134201975;3.779407637;0.000790438;1.059549464;-0.644416014;2.431666667;0;0;0;0;0.398333333;0.452208333;0.44862156;2.025
1-jul-89;0.501618707;0.441263996;-0.449877585;3.788758908;0.001559762;0.727761407;0.176789127;2.270833333;0;0;0;0;0.445;0.477933333;0.429702005;2.0775
01-Oct-1989;-0.170730724;0.775955381;-2.041858274;3.562828057;-0.003894319;0.709618347;0.715936991;2.153333333;0;0;0;0;0.476666667;0.403683333;0.429457069;1.9825
1-jan-90;0.720879215;0.464654219;1.118244231;4.232056925;-0.002649854;1.073401421;0.844538399;2.0625;0;0;0;0;0.418333333;0.357708333;0.495859513;2.1625
1-apr-90;-0.003494185;0.438474616;-2.33837266;3.572589848;-0.004552058;1.114019016;0.8173272;2.060833333;0;0;0;0;0.408333333;0.314558333;0.516128196;2.1075
1-jul-90;-0.310766228;0.8224217;-2.481144617;2.665322171;-0.002776332;0.853619707;0.471582433;2.04;0;0;0;0;0.428333333;0.28475;0.718566384;2.205
01-Oct-1990;-1.145028326;0.031951691;-5.486971662;1.943001028;-5.8532E-05;0.740986282;0.022610333;1.935833333;0;0;0;0;0.55;0.382475;0.672854523;2.02
1-jan-91;-0.698763806;-0.76594559;-3.478668489;1.028511888;-0.002705965;0.975421745;-0.385052889;1.606666667;0;0;0;0;0.546666667;0.371883333;0.67531264;2.0125
1-apr-91;0.543860213;0.490478887;-0.570362344;0.653299752;-0.001527166;0.731471707;1.165047424;1.465833333;0;0;0;0;0.4475;0.334033333;0.773417845;2.06
1-jul-91;0.270842366;0.060541144;1.110809712;0.458272971;0.00134129;0.777611257;0.415603292;1.410833333;0;0;0;0;0.435833333;0.341683333;0.736772535;1.8675
01-Oct-1991;0.111263158;0.132568995;0.859664424;0.238327208;-0.000381644;0.592802152;0.72474528;1.204166667;0;0;0;0;0.513333333;0.357308333;0.7987406;1.6775
1-jan-92;0.948788105;1.677818337;-0.83258198;0.234187942;-0.000793111;0.370785002;2.203581287;1.005833333;0;0;0;0;0.475;0.322275;0.783471189;1.885
1-apr-92;0.831065158;0.544469221;3.267915085;0.853424916;0.002504477;0.599050186;0.318779926;0.9425;0;0;0;0;0.438333333;0.306133333;0.934482243;1.785
1-jul-92;0.728383;0.891616205;0.71172973;0.793053352;-0.000674418;0.487341984;0.657793173;0.814166667;0;0;0;0;0.521666667;0.35085;0.987806768;1.5925
01-Oct-1992;0.775150324;0.898103335;1.926094665;0.500494502;0.00160222;0.685379345;-0.141479684;0.759166667;0;0;0;0;0.531666667;0.338641667;0.794138514;1.675
1-jan-93;-0.098222696;0.163355351;1.095167031;0.722743845;0.000868424;0.559288037;-1.298567601;0.76;0;0;0;0;0.530833333;0.347625;0.781431758;1.5075
1-apr-93;0.31834168;0.419038281;1.030121617;1.30484124;0.003368974;0.592564055;0.135295421;0.75;0;0;0;0;0.5375;0.3383;0.643745146;1.45
1-jul-93;0.217670744;0.683120248;-0.235561939;1.697892706;0.000903601;0.593413277;-0.549643354;0.765;0;0;0;0;0.501666667;0.338758333;0.536384611;1.35
01-Oct-1993;1.09719134;0.423694082;3.609646065;1.976575571;0.001765979;0.543883389;0.187845687;0.7475;0;0;0;0;0.486666667;0.323758333;0.593933973;1.4575
1-jan-94;0.714689059;0.608690849;2.886817331;2.320828717;-0.001338753;0.476526285;-1.048562546;0.803333333;0;0;0;0;0.445;0.294058333;0.67089507;1.6925
1-apr-94;1.094015101;0.548187931;3.271312534;2.947590582;0.006473391;0.481391678;0.341533673;0.985;0;0;0;0;0.378333333;0.304658333;0.68710859;1.835
1-jul-94;0.32998513;0.610508433;-0.965767841;3.320366835;0.00013502;0.572644033;-0.600908323;1.121666667;0;0;0;0;0.376666667;0.293916667;0.639233779;1.905
01-Oct-1994;0.910980835;0.464956361;3.35292001;3.968547486;-0.001553837;0.541202562;0.235974243;1.291666667;0;0;0;0;0.3425;0.3075;0.486548709;1.96
1-jan-95;0.130467591;0.332419188;-0.276251697;3.870691022;-0.004152175;0.539690988;0.049478237;1.4525;0;0;0;0;0.348333333;0.308975;0.475002703;1.8
1-apr-95;0.075881241;0.831185308;-1.625898855;2.987729186;-0.005524177;0.479617226;0.33684986;1.505;0;0;0;0;0.403333333;0.317183333;0.362115089;1.5525
1-jul-95;0.626275484;0.429855372;0.054745716;3.108172371;0.005378684;0.491210016;0.060424216;1.449166667;0;0;0;0;0.4325;0.311975;0.32999114;1.5425
01-Oct-1995;0.438981486;0.361140054;1.396096053;3.00278;-0.000378382;0.480520495;0.332172882;1.43;0;0;0;0;0.436666667;0.34205;0.273340889;1.395
1-jan-96;0.49625058;0.789088154;0.65858582;2.619846088;-0.00516611;0.480972241;0.611638256;1.340833333;0;0;0;0;0.45;0.326408333;0.426042356;1.585
1-apr-96;1.398926694;0.958792845;3.203991437;3.437491325;0.003097033;0.412971439;0.507522167;1.310833333;0;0;0;0;0.394166667;0.306366667;0.438433364;1.6825
1-jul-96;0.630119998;0.525271222;2.189522429;4.109198474;0.001855567;0.326697166;0.438678379;1.326666667;0;0;0;0;0.378333333;0.309716667;0.447280951;1.68
01-Oct-1996;0.706776649;0.610736439;-0.120369718;4.367914183;0.00190057;0.533537851;0.034475107;1.32;0;0;0;0;0.393333333;0.316266667;0.369525813;1.6075
1-jan-97;0.32674188;0.45919275;1.739262489;4.562203782;0.000774706;0.594148254;0.553158745;1.319166667;0;0;0;0;0.376666667;0.299391667;0.43143829;1.73
1-apr-97;1.336837178;0.479256575;2.09211259;5.099295057;-0.000900652;0.202205456;0.706600578;1.380833333;0;0;0;0;0.3725;0.287558333;0.377372688;1.6275
1-jul-97;0.938093137;0.959442993;1.902879536;5.554602891;0.001007127;0.432691691;0.570342943;1.383333333;0;0;0;0;0.378333333;0.287441667;0.326691081;1.53
01-Oct-1997;0.609202325;0.857324724;0.851794991;5.733743052;-0.001530459;0.327972289;1.465926679;1.376666667;0;0;0;0;0.3825;0.324358333;0.206898576;1.4375
1-jan-98;0.741448604;0.755702552;2.427773044;5.596798167;0.000872068;0.145569181;1.531065061;1.38;0;0;0;0;0.416666667;0.330008333;0.216041202;1.4175
1-apr-98;0.662704603;1.091674832;0.114935746;5.412080023;-0.001589671;0.235932475;1.013520877;1.375;0;0;0;0;0.414166667;0.308558333;0.174490665;1.36
1-jul-98;0.980918397;0.844551833;1.77868583;5.383451254;-0.003206408;0.429113935;1.189955984;1.383333333;0;0;0;0;0.480833333;0.453275;0.149132054;1.11
01-Oct-1998;1.300655433;0.607847287;3.130577896;5.728212884;0.007359427;0.275361917;0.285096218;1.215;0;0;0;0;0.645;0.512566667;0.188821562;1.1625
1-jan-99;0.635179809;0.833800591;1.240057675;5.621130845;-0.003425721;0.376071752;1.385309623;1.183333333;0;0;0;0;0.605;0.444016667;0.307167059;1.3125
1-apr-99;0.457477657;0.979766468;0.44903834;5.418368871;-0.000940738;0.361540423;0.050631711;1.186666667;0;0;0;0;0.55;0.4114;0.373101184;1.4525
1-jul-99;0.991487471;0.960615935;1.6082785;5.473434934;0.000805016;0.341929943;0.529879997;1.273333333;0;0;0;0;0.554166667;0.473875;0.407468204;1.475
01-Oct-1999;1.120569533;1.172155128;1.205771189;5.531128206;-0.00016483;0.536082413;1.454930815;1.326666667;0;0;0;0;0.525;0.491291667;0.435644787;1.6125
1-jan-00;-0.21209665;0.690099559;0.224515792;6.688041419;-0.001290492;0.678039015;2.793338427;1.419166667;0;0;0;0;0.4625;0.537775;0.195539677;1.5075
1-apr-00;1.235588695;0.780505635;2.449273587;6.155049192;-0.001564406;0.604145827;-0.357302447;1.568333333;0;0;0;0;0.604166667;0.676975;0.221110119;1.5075
1-jul-00;-0.444971189;0.529475586;-1.35104259;5.199061367;-0.001196818;0.568598097;1.361623495;1.63;0;0;0;0;0.606666667;0.754233333;0.233952284;1.45
01-Oct-2000;0.325817218;0.73303387;-0.438901224;5.08293758;-0.003491596;0.527282285;0.029226;1.618333333;0;0;0;0;0.661666667;0.917825;0.179483849;1.28
1-jan-01;-0.577341603;0.157157452;-3.788268484;4.874129042;-0.004308115;0.609144082;1.621222407;1.398333333;0;0;0;0;0.7075;0.8174;0.332256846;1.2325
1-apr-01;0.290795317;0.038000439;-1.090876525;3.825125199;-0.004405597;0.602946057;-0.200195704;1.081666667;0;0;0;0;0.691666667;0.763858333;0.449072753;1.355
1-jul-01;-0.713435756;-0.308762191;-1.522588967;2.964305268;-0.003287317;0.402037025;-0.264916941;0.874166667;0;0;0;0;0.7425;0.789991667;0.514141049;1.15
01-Oct-2001;-0.024724438;-0.010509539;-1.424292958;1.911029992;-0.002356133;0.32944025;0.58814906;0.533333333;0;0;0;0;0.788333333;0.770516667;0.607150604;1.2675
1-jan-02;0.584471569;0.269688866;0.882142025;1.635731986;0.000287389;0.329600239;0.123325735;0.433333333;0;0;0;0;0.72;0.706391667;0.609201386;1.355
1-apr-02;0.322449341;0.810647787;0.111048366;1.835843474;0.004320686;0.356979444;0.508932756;0.4375;0;0;0;0;0.730833333;0.721858333;0.593170219;1.215
1-jul-02;0.163081918;0.274390585;0.089412642;1.78473045;-0.002162953;0.460452006;0.045823503;0.435;0;0;0;0;0.841666667;1.02595;0.502361804;0.9075
01-Oct-2002;-0.240200417;0.476384946;-1.174916408;1.079216153;-0.000395566;0.564945499;-0.302691716;0.360833333;0;1.38957E-05;7.22578E-05;0;0.898333333;0.983291667;0.554797384;0.9575
1-jan-03;0.145792053;0.663764703;-0.65226172;1.052368982;-0.004550352;0.453327104;0.169285722;0.3125;0.161682113;8.94174E-05;0.000125872;0;0.8;0.848133333;0.543866556;0.9575
1-apr-03;0.442131911;0.101957876;0.829311741;0.494505754;0.000218573;0.293382076;1.426965244;0.311666667;0.233090021;8.83949E-05;0.000480052;0;0.713333333;0.663508333;0.487334888;0.885
1-jul-03;1.26079532;0.91836742;2.52667645;-0.009466851;-0.00102373;0.540679468;0.928441274;0.254166667;0.151279501;8.64504E-05;0.001427762;0;0.643333333;0.597525;0.572985258;0.99
01-Oct-2003;0.887692048;0.386031317;2.104124404;0.463532671;0.001321706;0.58946727;0.804847196;0.249166667;0.120214499;6.06907E-05;0.000657887;0;0.594166667;0.496041667;0.586267019;1.0675
1-jan-04;0.285056399;0.736146535;0.258886035;0.4708188;0.002113086;0.741227551;-0.927549534;0.250833333;0.122512567;0;0.000656289;0;0.563333333;0.466325;0.519999455;0.965
1-apr-04;0.515418034;0.41957046;2.31332869;0.426264915;-0.004887702;0.812722802;1.105255125;0.2525;0.11515814;0;0.001157437;0;0.515833333;0.457066667;0.53825071;1.155
1-jul-04;0.701111194;0.684520939;1.330127259;0.643498237;0.000846129;0.651099257;1.107733811;0.358333333;0.141686291;0;0.002278931;0;0.536666667;0.4493;0.409650084;1.035
01-Oct-2004;0.696986457;0.852977108;1.650112538;0.892402265;5.96997E-05;0.768297605;-0.335832621;0.4875;0.172674299;0;0.000807782;0;0.503333333;0.40135;0.334347966;1.06
1-jan-05;0.799911455;0.192961428;1.698414777;0.777010883;-0.002291043;0.789066458;-0.095145233;0.6175;0.124168955;0;0.000547326;0;0.4175;0.441091667;0.244606414;1.125
1-apr-05;0.155879294;0.609583182;-0.491965477;1.250987127;0.001982556;0.697863687;-0.111551093;0.735833333;0.091795273;0;0.00105702;0;0.453333333;0.547466667;0.089127181;0.985
1-jul-05;0.579339184;0.943730175;0.669279019;1.479831112;-0.001354487;0.900571944;0.340768557;0.865;0.041871658;0;0.005312034;0;0.441666667;0.472133333;0.10802191;1.085
01-Oct-2005;0.329135395;0.608333692;0.969508861;1.595818764;0.002190167;0.801039048;-0.180159602;0.995;0.06385356;0;0.001110662;0;0.461666667;0.540225;0.05555299;1.0975
1-jan-06;1.017170973;0.349647442;1.725578251;1.886218669;0.00107342;0.69596443;1.280244989;1.114166667;0.021266986;0;0.001955317;0;0.434166667;0.494308333;0.114358313;1.215
1-apr-06;-0.067166455;0.422690421;-1.273286617;2.212237239;-0.000874552;0.83259775;-0.762736073;1.226666667;0.040229776;0;0.003429978;0;0.416666667;0.461125;0.13959955;1.2875
1-jul-06;-0.140933454;0.380490667;-0.69626145;2.150721384;0.002889071;0.697601161;-0.540590609;1.311666667;0.025833379;0;0.004150832;0;0.424166667;0.478025;0.066930614;1.16
01-Oct-2006;0.51278187;0.095031321;-1.355868885;2.643447326;-0.000426382;0.368458629;1.3779887;1.311666667;-0.001314099;0;0.002058811;0;0.4125;0.438716667;0.068040897;1.1775
1-jan-07;-0.096786001;0.283721462;-1.3484552;2.477553373;-0.002403036;0.978514626;1.438228294;1.314166667;-0.012894621;0;0.002519065;0;0.404166667;0.403966667;0.100491584;1.1625
1-apr-07;0.241415072;0.079101746;0.101959449;2.051573526;0.001162519;0.644535923;-0.700288472;1.3125;-0.021511681;0;0.001121031;0;0.411666667;0.407433333;0.151975911;1.2575
1-jul-07;0.214022035;0.366946353;-1.023269923;1.688361738;-0.001779103;0.513300997;-0.119240331;1.268333333;-0.087835257;0;0.008232117;0;0.475;0.579916667;0.234330727;1.1475
01-Oct-2007;0.394015167;0.786287832;-1.638974945;1.700731855;-0.002310597;0.396943309;0.695818835;1.124166667;-0.210551839;0;0.027540152;0;0.5625;0.672;0.29684742;1.01
1-jan-08;-0.783560426;0.553031077;-3.777202742;1.251855651;-0.000827934;0.368636357;0.61986839;0.794166667;-0.679207742;0;0.529615366;0;0.771666667;0.909291667;0.474521906;0.8625
1-apr-08;0.311206544;0.780247488;-1.789548465;0.756784007;-0.001168254;0.534461132;-0.377898518;0.521666667;-1.987712561;0;1.334658243;0;0.775833333;0.858008333;0.359989498;0.9975
1-jul-08;-0.744569699;-0.161781515;-3.261296816;-0.093466484;-0.003553077;0.742000436;0.212709781;0.485;-2.270127566;0.005185177;1.774653423;0;0.835833333;1.115658333;0.499871208;0.9625
01-Oct-2008;-2.412582667;-2.287036632;-8.592376794;-1.830186856;-0.005247562;0.312111432;0.687918315;0.126666667;-2.228146422;0.101529874;7.912128831;2.241828607;1.396666667;1.928091667;0.365441298;0.5625
1-jan-09;-1.34760494;-1.090684747;-9.57726424;-4.463508198;-0.006502033;-0.010528421;-2.611302156;0.045833333;-2.200333814;0.68865893;6.819704362;2.102184945;1.369166667;1.578175;0.422281194;0.6775
1-apr-09;-0.355542096;0.092757125;-5.544977019;-6.025984447;-0.004891676;-0.145405528;2.612639492;0.045;-1.502570382;3.192560791;5.227728367;2.869813312;1.1675;1.200841667;0.59190627;0.8825
1-jul-09;0.160405014;0.767016046;0.325011501;-6.67151016;-0.002214705;0.105387414;0.469143372;0.039166667;-0.482295014;4.834735397;2.894706685;3.454848966;0.785833333;0.820233333;0.528304069;0.8275
01-Oct-2009;0.871901664;0.369613884;4.074439851;-7.436672734;0.004953331;0.337545077;0.273780056;0.03;-0.199524342;6.639939144;1.671481102;3.285475185;0.716666667;0.678291667;0.637770945;0.9625
1-jan-10;0.168082143;0.383805939;1.058793065;-7.291834827;0.002224062;0.25162785;-0.886295405;0.033333333;-0.224616863;7.961741594;0.791052848;3.339367653;0.6425;0.5902;0.632852966;0.96
1-apr-10;0.705371693;0.080172292;3.59437582;-6.645356428;0.006400782;0.46384889;0.589603541;0.048333333;-0.295457233;8.542436105;0.517535831;3.362566694;0.671666667;0.61535;0.444540449;0.7425
1-jul-10;0.527345993;0.382225989;2.470677476;-6.473712336;0.004926812;0.290375663;0.107839187;0.046666667;-0.289958061;8.398901563;0.396021873;3.237418349;0.7475;0.646091667;0.362784009;0.6325
01-Oct-2010;0.30599583;0.370793524;0.091579773;-6.700420135;0.000160467;0.560666805;-0.024539605;0.046666667;0.373921501;7.797427559;0.309012788;3.961066983;0.7625;0.583908333;0.530883287;0.825
1-jan-11;-0.430942656;0.617801714;-1.421845289;-6.793691844;-0.003194121;0.535956675;1.264036255;0.039166667;2.25856313;7.222778259;0.162668021;5.405660721;0.6575;0.505891667;0.533258662;0.8675
1-apr-11;0.527207718;0.55317912;1.748348571;-6.506646466;0.003915904;0.654698683;-1.316905238;0.023333333;4.106966541;6.75260965;0.098202805;6.346721765;0.66;0.51295;0.566855722;0.795
1-jul-11;-0.206515081;0.070351598;0.159000811;-6.434543227;-0.000100216;0.642323114;0.082187784;0.020833333;5.05943428;6.438966018;0.077318994;6.445033784;0.759166667;0.673158333;0.165620004;0.48
01-Oct-2011;0.778399034;-0.166625078;5.249215167;-6.028180788;0.002192445;0.152086658;-1.502847327;0.018333333;5.081067384;6.049768794;0.179805135;7.020560303;0.801666667;0.718233333;0.152442433;0.4725
1-jan-12;0.401614981;0.388897204;1.438650608;-5.411230316;0.00166864;0.623161953;1.707092216;0.025833333;4.863722291;5.890841413;0.626964239;7.373394779;0.790833333;0.636416667;0.253611966;0.5575
1-apr-12;0.047100866;-0.297900886;0.951036461;-5.75176469;-0.002308858;0.3949099;0.135525775;0.038333333;4.809961398;5.863469207;0.213757695;8.299768881;0.8175;0.668825;0.04584422;0.4175
1-jul-12;-0.24967545;-0.477907924;-0.490536158;-5.871755174;-0.000100071;0.512159889;-0.43072625;0.035833333;4.648427322;5.781400443;0.17625853;8.813352352;0.8075;0.623366667;0.067125679;0.4125
01-Oct-2012;-0.131424184;0.148009598;-0.331719775;-5.542077917;0.000540265;0.509550171;2.111856608;0.04;4.606523343;5.878044872;0.08093472;9.274483196;0.716666667;0.564241667;0.103075509;0.445
1-jan-13;0.636460299;0.079346055;2.595429999;-5.618295672;0.000100017;0.398264807;-1.842799557;0.035833333;4.936440233;6.488168598;0.04671579;9.484241343;0.715;0.530108333;0.14298585;0.4675
1-apr-13;-0.121542495;-0.336523708;0.321561396;-5.603054572;-0.001331045;0.288295604;0.434115035;0.029166667;5.716329117;7.313855382;0.035165718;10.27772332;0.71;0.516583333;0.292951296;0.63
1-jul-13;0.536132456;0.14698811;1.972628361;-5.799113688;1.00145E-05;0.478980404;-0.737656562;0.020833333;6.383088834;7.954713859;0.007526695;10.81326636;0.673333333;0.509658333;0.366558171;0.66
01-Oct-2013;0.566101712;0.541992688;0.068282455;-5.978830255;-0.000410676;0.586007009;0.137980728;0.021666667;7.027768893;8.662673516;0.002835905;11.43993635;0.6525;0.475433333;0.462375688;0.76
1-jan-14;-0.51290816;0.23444101;-0.694980258;-5.783510376;0.000741097;0.408851212;1.50424554;0.018333333;7.712487281;9.357628376;0.002731616;11.85824478;0.588333333;0.438383333;0.291235679;0.6825
1-apr-14;1.114614905;0.617916628;3.206266566;-5.103905393;0.001620487;0.55703974;-1.002874536;0.023333333;8.038236129;9.669868108;0.002443213;11.84197084;0.549166667;0.4037;0.222479914;0.6325
1-jul-14;0.983806071;0.685088672;1.504001892;-4.885314467;0.000969036;0.428980409;0.242871439;0.0225;8.193667845;9.720685044;0.002064836;11.70940167;0.560833333;0.42445;0.154672798;0.63
01-Oct-2014;0.278162935;0.63060342;0.605012591;-4.350098976;0.002134558;0.159554052;0.886905452;0.025;8.280071537;9.874475252;0.001609452;11.3249858;0.615;0.50705;0.025420405;0.5425
1-jan-15;0.659828478;0.17842487;2.481439302;-4.212656193;-0.001356014;-0.088396097;1.390875396;0.0275;8.166438765;9.882830551;0.00087252;10.86128236;0.633333333;0.521;0.003899408;0.485
1-apr-15;0.386966706;0.371985256;-0.242785128;-4.485137473;-0.00226745;0.541637833;0.261203981;0.030833333;8.000681436;9.698995554;0.000964516;10.49958524;0.666666667;0.520875;0.131978657;0.5875
1-jul-15;0.072941637;0.530043962;-0.281207671;-4.421266728;-0.001010521;0.315002981;0.087258771;0.034166667;7.916780362;9.675441805;0.003086459;10.07770845;0.755833333;0.616983333;0.062172117;0.515
01-Oct-2015;-0.106396148;0.233772347;-1.280167703;-4.142600162;2.00202E-05;0.010483029;-0.068910227;0.04;7.894231303;9.697151994;0.002367276;9.821096619;0.8075;0.631691667;0.038890062;0.5675
1-jan-16;0.294548991;0.632633977;-0.812928152;-3.855501776;-0.000530671;-0.068636145;0.089043173;0.09;7.825705616;9.658212541;0.001090324;9.591689426;0.846666667;0.73555;-0.033187474;0.445
1-apr-16;0.038509193;0.336405629;-0.944272216;-4.089345905;-0.001503428;0.690880219;-0.406543103;0.093333333;7.695084246;9.521769762;0.002219513;9.418313165;0.728333333;0.601025;-0.117493401;0.3725
1-jul-16;0.267093256;0.373182583;0.049551057;-3.974770428;0.000421188;0.338467389;0.091593169;0.099166667;7.586994164;9.408000036;0.004925255;9.197529254;0.673333333;0.53105;-0.119265641;0.4
01-Oct-2016;0.463126385;0.473678651;1.612139191;-3.996591726;-0.003102895;0.488657825;0.555690252;0.1125;7.444141047;9.263574921;0.012827397;9.113320422;0.6275;0.444608333;0.057250703;0.6125
1-jan-17;0.407277313;0.702004211;-0.279046266;-3.870897455;-7.04038E-05;0.506842507;0.456334146;0.175;7.306412241;9.211658655;0.006021513;8.914390094;0.554166667;0.401508333;0.009206974;0.6
1-apr-17;0.278989242;0.199008647;0.7815984;-3.274021044;0.003203377;0.307907871;0.282446615;0.2375;7.218463448;9.209765223;0.00256738;8.774857538;0.558333333;0.392741667;-0.033559426;0.5775
1-jul-17;0.588533256;0.297557415;1.147674393;-3.096070831;-0.001243981;0.49439723;0.784093861;0.288333333;7.066780579;9.072469062;0.002468388;8.541955443;0.5225;0.38175;-0.043465088;0.5825
01-Oct-2017;0.687408951;0.605445164;1.274830065;-3.033416553;0.001103609;0.670765207;0.665040156;0.300833333;6.834339656;8.915761123;0.006678022;8.262127881;0.475;0.353491667;-0.107460648;0.6
1-jan-18;0.665632413;0.381351912;1.530313286;-2.692777466;1.00272E-05;0.586684264;-0.034887786;0.361666667;6.528893767;8.739217673;0.009897442;8.170054512;0.4275;0.344116667;-0.091141129;0.685
1-apr-18;0.402219091;0.201875763;-0.192949727;-2.248098997;0.001683148;0.85592534;-0.537394304;0.434166667;6.1461566;8.496915777;0.002579117;8.025727871;0.464166667;0.379408333;-0.083638492;0.7125
1-jul-18;0.255575426;0.454140308;1.231784811;-2.425117721;-0.000570751;0.39675762;0.837363446;0.480833333;5.75164974;8.235586635;0;7.847571411;0.471666667;0.365883333;-0.075739247;0.7625
01-Oct-2018;0.187354083;0.181154919;0.475136935;-2.270935789;-0.002456942;0.47440045;-0.035421181;0.555;5.336587605;7.971503637;0;7.544290244;0.526666667;0.450258333;-0.128543546;0.6725
1-jan-19;0.586348545;0.266917059;0.566996674;-2.34355794;-0.001185501;0.255207629;1.830318294;0.600833333;4.912757507;7.672897787;0;7.307494292;0.579166667;0.42525;-0.171739093;0.6025
1-apr-19;0.237664107;0.619096143;-0.614789909;-2.577030559;-0.002758206;0.641426393;-0.297335374;0.599166667;4.469990054;7.364207059;0;7.103650902;0.565833333;0.418191667;-0.197986615;0.5
1-jul-19;0.507990707;0.532779796;0.225169967;-2.298196841;-0.000544487;0.347173116;-0.388767686;0.5475;4.218759868;7.000644319;0;7.184664113;0.555833333;0.423458333;-0.27819679;0.42
01-Oct-2019;0.484070969;0.383737236;-0.961211244;-1.905417839;0.001300226;0.371650367;0.443767451;0.410833333;4.659545836;6.642178333;0;7.393069717;0.53;0.393741667;-0.1850643;0.48
